
INSERT INTO STUDENT VALUES
	(15237, 'Amie', 'Farrow', 'amie-farrow@hotmail.com'),
	(16348, 'Kurtis', 'Davila', 'kurtis-davila@live.co.uk'),
	(17459, 'Jaxon', 'Rogers', 'jaxon-r@hotmail.com'),
	(18562, 'Glenn', 'Gibson', 'glenn-gibson@hotmail.com'),
	(19739, 'Yassin', 'Houston', 'yassin_houston@live.co.uk'),
	(20396, 'Rohaan', 'Schmitt', 'rohaan-schmitt@hotmail.com'),
	(21740, 'Gracie-Mai', 'Ortiz', 'gracie-mai_ortiz@gmail.com'),
	(22857, 'Derry', 'Chandler', 'derry_chandler@live.co.uk');

INSERT INTO SUBJECT VALUES
	('ECS608U', 'Big Data Processing', 'A', 6, 15),
	('ECS610U', 'Distributed Systems', 'A', 6, 15),
	('ECS612U', 'Database Systems', 'B', 6, 15),
	('ECS614U', 'Operating Systems', 'B', 6, 15),
	('ECS616U', 'Web Programming', 'B', 6, 15);

INSERT INTO COURSEWORK VALUES
	(1500, 100),
	(1600, 100),
	(1700, 100),
	(1800, 100),
	(1900, 100);

INSERT INTO EXAM VALUES
	(2500, 'ECS605U', 'Big Data Processing', '04/04/2020'),
	(2600, 'ECS610U', 'Distributed Systems', '08/04/2020'),
	(2700, 'ECS615U', 'Database Systems', '13/05/2020'),
	(2800, 'ECS620U', 'Operating Systems', '16/05/2020'),
	(2900, 'ECS625U', 'Web Programming', '19/05/2020');

INSERT INTO LECTURER VALUES
	(3500, 'Felix', 'Cuadrado'),
	(3600, 'Tassos', 'Tombros'),
	(3700, 'Soren', 'Riis'),
	(3800, 'Matthew', 'Huntbach'),
	(3900, 'Ane', 'Hasu');

INSERT INTO QUESTION VALUES
	(1, 3500, 10),
	(2, 3500, 10),
	(3, 3500, 10),
	(4, 3500, 10),
	(5, 3500, 10),
	(6, 3500, 10),
	(7, 3500, 10),
	(8, 3500, 10),
	(1, 3600, 10),
	(2, 3600, 10),
	(3, 3600, 10),
	(4, 3600, 10),
	(5, 3600, 10),
	(6, 3600, 10),
	(7, 3600, 10),
	(8, 3600, 10),
	(1, 3700, 10),
	(2, 3700, 10),
	(3, 3700, 10),
	(4, 3700, 10),
	(5, 3700, 10),
	(6, 3700, 10),
	(7, 3700, 10),
	(8, 3700, 10),
	(1, 3800, 10),
	(2, 3800, 10),
	(3, 3800, 10),
	(4, 3800, 10),
	(5, 3800, 10),
	(6, 3800, 10),
	(7, 3800, 10),
	(8, 3800, 10),
	(1, 3900, 10),
	(2, 3900, 10),
	(3, 3900, 10),
	(4, 3900, 10),
	(5, 3900, 10),
	(6, 3900, 10),
	(7, 3900, 10),
	(8, 3900, 10);

INSERT INTO STUDENTENROLSSUBJECT VALUES
	(15237, 'ECS608U', 2019),
	(16348, 'ECS608U', 2019),
	(20739, 'ECS608U', 2019),
	(24857, 'ECS608U', 2019),
	(15237, 'ECS610U', 2019),
	(16348, 'ECS610U', 2019),
	(20739, 'ECS610U', 2019),
	(24857, 'ECS610U', 2019),
	(15237, 'ECS612U', 2020),
	(16348, 'ECS612U', 2020),
	(20739, 'ECS612U', 2020),
	(24857, 'ECS612U', 2020),
	(15237, 'ECS614U', 2020),
	(16348, 'ECS614U', 2020),
	(20739, 'ECS614U', 2020),
	(24857, 'ECS614U', 2020),
	(15237, 'ECS616U', 2020),
	(16348, 'ECS616U', 2020),
	(20739, 'ECS616U', 2020),
	(24857, 'ECS616U', 2020);

INSERT INTO COURSEWORKFORSUBJECT VALUES
   (1500, 'ECS608U'),
   (1500, 'ECS610U'),
   (1500, 'ECS612U'),
   (1500, 'ECS614U'),
   (1600, 'ECS608U'),
   (1600, 'ECS610U'),
   (1600, 'ECS612U'),
   (1600, 'ECS614U'),
   (1700, 'ECS608U'),
   (1700, 'ECS610U'),
   (1700, 'ECS612U'),
   (1700, 'ECS614U'),
   (1800, 'ECS608U'),
   (1800, 'ECS610U'),
   (1800, 'ECS612U'),
   (1800, 'ECS614U'),
   (1900, 'ECS608U'),
   (1900, 'ECS610U'),
   (1900, 'ECS612U'),
   (1900, 'ECS614U');

INSERT INTO STUDENTDOESCOURSEWORK VALUES
	(15237, 1500, 80),
	(16348, 1500, 74),
	(20739, 1500, 81),
	(24857, 1500, 92),
	(15237, 1600, 100),
	(16348, 1600, 78),
	(20739, 1600, 84),
	(24857, 1600, 88),
	(15237, 1700, 97),
	(16348, 1700, 87),
	(20739, 1700, 82),
	(24857, 1700, 91),
	(15237, 1800, 88),
	(16348, 1800, 100),
	(20739, 1800, 76),
	(24857, 1800, 78),
	(15237, 1900, 69),
	(16348, 1900, 74),
	(20739, 1900, 81),
	(24857, 1900, 77);

INSERT INTO STUDENTTAKESEXAM VALUES
	(15237, 2500, 1),
	(16348, 2500, 1),
	(20739, 2500, 2),
	(24857, 2500, 1),
	(15237, 2600, 1),
	(16348, 2600, 2),
	(20739, 2600, 1),
	(24857, 2600, 1),
	(15237, 2700, 2),
	(16348, 2700, 1),
	(20739, 2700, 1),
	(24857, 2700, 1),
	(15237, 2800, 1),
	(16348, 2800, 1),
	(20739, 2800, 1),
	(24857, 2800, 2),
	(15237, 2900, 1),
	(16348, 2900, 2),
	(20739, 2900, 1),
	(24857, 2900, 2);

INSERT INTO LECTURERSETSEXAM VALUES
	(3500, 2500),
	(3600, 2600),
	(3700, 2700),
	(3800, 2800),
	(3900, 2900);

INSERT INTO QUESTIONFOREXAM VALUES
	(1, 2500),
	(2, 2500),
	(3, 2500),
	(4, 2500),
	(5, 2500),
	(6, 2500),
	(7, 2500),
	(8, 2500),
	(1, 2600),
	(2, 2600),
	(3, 2600),
	(4, 2600),
	(5, 2600),
	(6, 2600),
	(7, 2600),
	(8, 2600),
	(1, 2700),
	(2, 2700),
	(3, 2700),
	(4, 2700),
	(5, 2700),
	(6, 2700),
	(7, 2700),
	(8, 2700),
	(1, 2800),
	(2, 2800),
	(3, 2800),
	(4, 2800),
	(5, 2800),
	(6, 2800),
	(7, 2800),
	(8, 2800),
	(1, 2900),
	(2, 2900),
	(3, 2900),
	(4, 2900),
	(5, 2900),
	(6, 2900),
	(7, 2900),
	(8, 2900);

INSERT INTO STUDENTDOESQUESTION VALUES
	(15237, 1, 8),
	(15237, 2, 5),
	(15237, 3, 9),
	(15237, 4, 6),
	(15237, 5, 6),
	(15237, 6, 7),
	(15237, 7, 10),
	(15237, 8, 4),
	(16348, 1, 7),
	(16348, 2, 6),
	(16348, 3, 9),
	(16348, 4, 10),
	(16348, 5, 4),
	(16348, 6, 5),
	(16348, 7, 8),
	(16348, 8, 6),
	(20739, 1, 10),
	(20739, 2, 5),
	(20739, 3, 8),
	(20739, 4, 8),
	(20739, 5, 6),
	(20739, 6, 9),
	(20739, 7, 4),
	(20739, 8, 5),
	(24857, 1, 6),
	(24857, 2, 8),
	(24857, 3, 5),
	(24857, 4, 5),
   	(24857, 5, 10),
	(24857, 6, 8),
	(24857, 7, 6),
	(24857, 8, 8);

